id,fname,lname,email,phone_number,gender
S001,Emily,Jones,emilyjones@email.com,1112223333,F
S002,Michael,Williams,michaelwilliams@email.com,4445556666,M
S003,Amy,Brown,amybrown@email.com,7778889999,F
S004,Matthew,Davis,matthewdavis@email.com,3334445555,M
S005,Sophie,Moore,sophiemoore@email.com,8889990000,F
S006,William,Taylor,williamtaylor@email.com,2223334444,M
S007,Olivia,Anderson,oliviaanderson@email.com,6667778888,F
S008,Lucas,Wilson,lucaswilson@email.com,9990001111,M
S009,Ella,Johnson,ellajohnson@email.com,1112223333,F
S010,Nathan,Smith,nathansmith@email.com,4445556666,M
S011,Emma,Miller,emmamiller@email.com,5556667777,F
S012,James,Clark,jamesclark@email.com,8887776666,M
S013,Lily,Baker,lilybaker@email.com,9998887777,F
S014,Andrew,King,andrewking@email.com,1110009999,M
S015,Ava,Green,avagreen@email.com,2223334444,F
S016,Oliver,Ward,oliverward@email.com,3334445555,M
S017,Grace,Lee,gracelee@email.com,4445556666,F
S018,Logan,Turner,loganturner@email.com,5556667777,M
S019,Chloe,Fisher,chloefisher@email.com,6667778888,F
S020,Daniel,Hill,danielhill@email.com,7778889999,M
S021,Sophia,Brown,sophiabrown@email.com,1112223333,F
S022,Jacob,Moore,jacobmoore@email.com,4445556666,M
S023,Olivia,Ward,oliviaward@email.com,7778889999,F
S024,Noah,Anderson,noahanderson@email.com,1112223333,M
S025,Abigail,Williams,abigailwilliams@email.com,4445556666,F
S026,Liam,Johnson,liamjohnson@email.com,7778889999,M
S027,Charlotte,Miller,charlottemiller@email.com,1112223333,F
S028,Mason,Davis,masondavis@email.com,4445556666,M
S029,Isabella,Clark,isabellaclark@email.com,7778889999,F
S030,Oliver,Smith,oliversmith@email.com,1112223333,M
S031,Emma,Johnson,emmajohnson@email.com,4445556666,F
S032,William,Moore,williammoore@email.com,7778889999,M
S033,Lily,Anderson,lilyanderson@email.com,1112223333,F
S034,James,Wilson,jameswilson@email.com,4445556666,M
S035,Ava,Turner,avaturner@email.com,7778889999,F
S036,Oliver,Fisher,oliverfisher@email.com,1112223333,M
S037,Grace,Hill,gracehill@email.com,4445556666,F
S038,Logan,Smith,logansmith@email.com,7778889999,M
S039,Chloe,Moore,chloemoore@email.com,1112223333,F
S040,Daniel,Anderson,danielanderson@email.com,4445556666,M
S041,Liam,King,liamking@email.com,1112223333,M
S042,Sophie,Ward,sophieward@email.com,4445556666,F
S043,Matthew,Johnson,matthewjohnson@email.com,7778889999,M
S044,Olivia,Miller,oliviamiller@email.com,1112223333,F
S045,Noah,Turner,noahturner@email.com,4445556666,M
S046,Ava,Fisher,avafisher@email.com,7778889999,F
S047,Lucas,Hill,lucashill@email.com,1112223333,M
S048,Chloe,Smith,chloesmith@email.com,4445556666,F
S049,Logan,Moore,loganmoore@email.com,7778889999,M
S050,Grace,Anderson,graceanderson@email.com,1112223333,F